id,active,name,nickname,subject,priceUSD,lessonLength,availability,video,headline,city,country,timezone,teaches,tags,levels,speaks,trialAvailable,experienceYears,verified,superTutor,rating,reviewsCount,lessonsCount,email,formKey,calLink,preplyUrl,holiday,holidayUntil,holidayNote,specialities,badge,trialMinutes,packageDiscount,responseHours,intro,exams,photo,thumb,banner,videoTitle,countryFlag,about,experience,methodology,bio
#help,yes / no — no hides the tutor from the site,shown everywhere,"what the booking form calls them, e.g. Sashi",almost always Hindi — the site supports another language later,"a number, e.g. 8",e.g. 50 min,"Mon-Fri 19:00,20:00; Sat 10:00   |   none = away","the 11-character YouTube id only, not the full URL",one line under their name,"e.g. Kolkata, India",e.g. India,e.g. IST (GMT+5:30),comma separated,comma separated,"any of: Beginner, Intermediate, Advanced","Hindi: Native, English: C1   (language: level, comma separated)",yes / no,a number,yes / no — shows the verified tick,yes / no — shows the Super Tutor badge,0 to 5,a number,a number,THEIR OWN inbox — bookings go straight here. Blank = via EkGuru.,FormSubmit alias (no @). Safe to publish. See tools/mail-activate.html,"cal.com username/event, e.g. shikha/50min",full https:// link or blank,"yes / no — keeps the page, turns booking off","YYYY-MM-DD, when they are back",one line shown while on holiday,"comma separated, max 6, e.g. Conversation, Exam prep, Kids","short label on the card, max 24 chars","free trial length in minutes, 0 to 60","percent off a block of lessons, 0 to 60","typical reply time in hours, 1 to 168","one line at the top of their profile, max 220 chars",comma separated syllabuses they can teach to,"a Google Drive share link (set to Anyone with the link), any https link to a .jpg/.png/.webp, or images/name.jpg",OPTIONAL — the small square on cards. Leave blank to use the photo above.,"OPTIONAL — wide 16:9 cover, same link formats. Type none to remove one.",OPTIONAL — the caption over their intro video,"OPTIONAL — one flag emoji, e.g. 🇮🇳",ONE PARAGRAPH PER LINE — press alt+enter inside the cell for a new line,one bullet per line — alt+enter for a new line,"Title | description   — one per line, alt+enter between them","long text is fine, commas and quotes are handled"
sushila-g,yes,Sushila G.,Sashi,Hindi,6,50 min,"Mon 09:00,10:00,16:00,18:00,20:00; Tue 09:00,11:00,17:00,19:00; Wed 09:00,10:00,16:00,18:00,20:00; Thu 10:00,12:00,17:00,19:00; Fri 09:00,11:00,16:00,18:00,20:00; Sat 10:00,12:00,15:00",Ykic7gkyHjg,"Friendly Hindi Tutor — Speak, Read & Write with Confidence","Rajasthan, India",India,IST (GMT+5:30),"Hindi for beginners, Conversational Hindi, Hindi grammar, Devanagari reading & writing, Hindi for kids, Pronunciation training","Patient, Engaging, Approachable, Adaptable","Beginner, Intermediate, Advanced","Hindi: Native, English: Upper-Intermediate B2",yes,3,yes,yes,5,3,40,,,,https://preply.com/en/tutor/7717290,,,,,,,,,,,images/sushila.jpg,images/sushila.jpg,,Hindi Tutor Intro,🇮🇳,"Hello! My name is Sashi, and I am a passionate Hindi tutor. I love teaching Hindi and helping students learn in an easy, fun and effective way. I have experience working with learners of every level, whether you are a complete beginner or looking to improve your fluency.
In my classes I focus on speaking skills, grammar, vocabulary and correct pronunciation. I always adapt my teaching style to each student's needs, so that learning stays simple and genuinely enjoyable.
My interests include reading, learning new languages, listening to music and exploring different cultures. I enjoy connecting with people and sharing knowledge. If you are interested in learning Hindi, I would be happy to guide you on your journey.","Helped complete beginners build a strong Hindi foundation, from the Devanagari alphabet to everyday conversation.
Guided intermediate learners to noticeably improve their speaking, reading and writing.
Taught students from many different countries and cultural backgrounds.
Student-centred, interactive methodology: real-life conversation plus step-by-step grammar.
Provides practice materials and regular feedback so progress is easy to track.
Lessons tailored to each goal — conversational Hindi, academic study or general fluency.","Speak from day one | You start speaking in your very first lesson, so hesitation disappears early.
Step-by-step grammar | Grammar is broken into small pieces and taught with clear, practical examples.
Real-life practice | Dialogues built around markets, travel, family and work — language you will actually use.
Homework & feedback | Practice material after every class, plus personal feedback on your progress.",
hemlata,yes,Hemlata,,Hindi,12,50 min,"Mon-Fri 19:00,20:00,21:00",,"Native Hindi Tutor for Kids, Adults & Beginners — Read, Write & Speak",India,India,IST (GMT+5:30),"Hindi for beginners, Hindi for kids, Conversational Hindi, Devanagari reading & writing, Hindi grammar, Pronunciation training","Native speaker, Patient, Kid-friendly, All levels","Beginner, Intermediate, Advanced","Hindi: Native, English: Intermediate B1",yes,3,yes,no,,,,,,,,,,,,,,,,,,images/hemlata.jpg,images/hemlata.jpg,images/hemlata-banner.jpg,Hindi Tutor Intro,🇮🇳,"Namaste! I am Hemlata, a native Hindi speaker and tutor. I teach kids, adults and complete beginners, and I adapt every lesson to the age and level of the student in front of me.
My classes cover all three skills — reading, writing and speaking. We start with the sounds and the Devanagari script, then move steadily into real conversation, so you are never just memorising rules.
I believe learning a language should feel encouraging, not stressful. I keep a calm, friendly pace and give you plenty of room to make mistakes, because that is exactly how fluency is built.","Teaches learners of all ages, from young children to working adults.
Builds strong foundations with beginners: alphabet, sounds and first conversations.
Helps intermediate students move from textbook Hindi to natural everyday speech.
Provides practice material and clear feedback after every lesson.
Lessons tailored to each student's goal, whether conversation, school work or travel.","All ages welcome | Lessons are pitched to the learner, whether that is a child or an adult professional.
Read, write and speak | All three skills together, so your Hindi is complete and not one-sided.
Script from the start | Devanagari taught properly and gently, so reading stops feeling intimidating.
Encouraging pace | A calm, patient environment where mistakes are simply part of learning.",
shikha-dutta,yes,Shikha Dutta,,Hindi,8,50 min,"Mon-Sun 17:00,18:00,19:00,20:00,21:00,22:00",,"Experienced Hindi Tutor for Classes 1–10 — Devanagari, Grammar & Confident Speaking","Kolkata, India",India,IST (GMT+5:30),"Hindi for absolute beginners, Conversational Hindi, Hindi grammar, Devanagari reading & writing, Pronunciation training, Hindi for children, Hindi for exams or academic study","Adaptive, Structured, Practical, Patient","Beginner, Intermediate, Advanced","Hindi: Native, English: Fluent, Bengali: Native",yes,16,yes,no,,,,,,,,,,,,,,,,,,images/shikha.jpg,images/shikha.jpg,,Hindi Tutor Intro,🇮🇳,"I am Shikha Dutta, and I have sixteen years of teaching experience, seven of those teaching online. I teach students from Class 1 through to Class 10, and I currently have thirty-two students in India and abroad learning Hindi with me.
What I care about most is making students love the language rather than simply pass a test. I adapt to whoever is in front of me: a young child learning their first letters needs a very different lesson from a teenager preparing for an exam, and I plan accordingly.
I hold an MBA in Finance and HR from JIS College of Engineering and Management, Kolkata, and I have taught in a school setting as well as online. Alongside Hindi I speak English and Bengali, which often helps when a student is more comfortable starting in another language.","Sixteen years of teaching experience, including seven years teaching online.
Currently teaches thirty-two students across India and abroad.
Guides beginners step by step through the Devanagari script, covering vowels (swar), consonants (vyanjan) and the rules of the modifying signs (matras).
Teaches the full Class 1 to Class 10 syllabus, including exam preparation.
Classroom teaching experience alongside online tutoring.
MBA in Finance and HR, JIS College of Engineering and Management, Kolkata.","Formulas, not memorisation | Verbs are taught as clear patterns that change with gender, number and tense — main karta hoon against main karti hoon — so you can build sentences yourself rather than recall them.
Script from the ground up | Devanagari built step by step: vowels, then consonants, then the matras that change how each letter sounds.
Adapted to the student | A Class 1 child and a Class 10 exam candidate need different lessons, and each gets one planned for them.
Learning you enjoy | The aim is for students to look forward to Hindi, not to endure it. Enjoyment is what keeps people going.",
tara,yes,Tara,,Hindi,8,50 min,"Mon 09:00,15:00,19:00; Tue 09:00,15:00; Wed 09:00,15:00,19:00; Thu 09:00,15:00; Fri 09:00,15:00,19:00; Sat 10:00",,"Native Hindi Tutor — Conversation, Grammar & Script for Every Level",India,India,IST (GMT+5:30),"Conversational Hindi, Hindi for beginners, Hindi grammar, Devanagari reading & writing","Native speaker, Friendly, Structured, Encouraging","Beginner, Intermediate","Hindi: Native, English: Intermediate B1",yes,2,no,no,,,,,,,,,,,,,,,,,,images/placeholder-tutor.jpg,images/placeholder-tutor.jpg,,"Conversation first | Speaking practice in every single lesson, from the very beginning.
Grammar that makes sense | Rules explained simply, with examples you will actually use.
Steady script practice | Reading and writing Devanagari built up gradually, never rushed.
Relaxed and encouraging | A patient space where asking questions is always welcome.",🇮🇳,"Namaste! I am Tara, a native Hindi speaker and tutor. I enjoy helping students find their confidence in Hindi, whether they are starting from zero or polishing skills they already have.
My lessons balance conversation with clear, structured grammar, so you understand why Hindi works the way it does rather than just repeating phrases.
I keep the atmosphere relaxed and encouraging. Every student learns at a different speed, and my job is to match yours.","Teaches beginners and intermediate learners from a range of countries.
Focuses on practical, everyday Hindi that students can use straight away.
Teaches the Devanagari script step by step, at a comfortable pace.
Sets short practice tasks between lessons to keep progress steady.","Conversation first | Speaking practice in every single lesson, from the very beginning.
Grammar that makes sense | Rules explained simply, with examples you will actually use.
Steady script practice | Reading and writing Devanagari built up gradually, never rushed.
Relaxed and encouraging | A patient space where asking questions is always welcome.",